slot,filename,unsplash_id,photographer,unsplash_handle,file_path,page_url
hero-arch,01-hero-gardener-watering.jpg,qhizq_V876M,almani ماني,thealmani,photo-1613378690701-63c26ac1fb29,https://unsplash.com/photos/qhizq_V876M
about,02-about-aerial-grounds.jpg,lHhKkvyZ6Wg,Frederick Adegoke Snr.,thelionics,photo-1772553320122-74622e5e34eb,https://unsplash.com/photos/lHhKkvyZ6Wg
service-lawn,03-service-lawn-mown.jpg,c-5-QE5kBYk,Petar Tonchev,ptonchev,photo-1558904541-efa843a96f01,https://unsplash.com/photos/c-5-QE5kBYk
service-hedges,04-service-hedges-formal.jpg,RWJn2g_w9dA,Mathis Mauprivez,mathisvisuals,photo-1772990916737-034918d059eb,https://unsplash.com/photos/RWJn2g_w9dA
service-turf,05-service-turf-open-sky.jpg,JKxtUyR8WWM,serena saponaro,saponasan,flagged/photo-1624973939460-f658cad699d3,https://unsplash.com/photos/JKxtUyR8WWM
service-planting,06-service-planting-seedlings.jpg,q13Zq1Jufks,Sandie Clarke,honeypoppet,photo-1611843467160-25afb8df1074,https://unsplash.com/photos/q13Zq1Jufks
service-design,07-service-camellias-palms.jpg,hvU4LxNhVaU,J. Young Jeong,jayossana,photo-1768909312244-760366cdc101,https://unsplash.com/photos/hvU4LxNhVaU
service-construction,08-service-formal-reflecting-pools.jpg,i9xnPEK70fw,Adele Erolsky,bechinina,photo-1765063241757-7b59a24fb5bd,https://unsplash.com/photos/i9xnPEK70fw
why-us,09-whyus-villa-pool.jpg,tVzyDSV84w8,John Fornander,johnfo,photo-1613977257592-4871e5fcd7c4,https://unsplash.com/photos/tVzyDSV84w8
gallery-wide,10-gallery-building-pool.jpg,2d4lAQAlbDA,Frames For Your Heart,framesforyourheart,photo-1512917774080-9991f1c4c750,https://unsplash.com/photos/2d4lAQAlbDA
gallery,11-gallery-palm-avenue.jpg,kzvvQRUYd40,SERGEI BEZZUBOV,sergskur,photo-1766932190300-e7c12b599f8e,https://unsplash.com/photos/kzvvQRUYd40
gallery,12-gallery-boundary-shrubs.jpg,bFW9DYH3lEA,J. Young Jeong,jayossana,photo-1768909334185-c69098acda70,https://unsplash.com/photos/bFW9DYH3lEA
gallery-full,13-gallery-walking-path.jpg,B8-9OB1HKbE,Christian,axcreativeagency,photo-1787057439418-9bc08c315559,https://unsplash.com/photos/B8-9OB1HKbE
